Ticker,Company,Country,Sector,RawTicker,Exchange,ISIN,WeightPct,SourceFund,SourceURL,SourceAsOf,MappingConfidence
9697.T,CAPCOM LTD,Japan,Communication Services,9697,Tokyo Stock Exchange,,0.16,EWJ,https://www.ishares.com/us/products/239665/ishares-msci-japan-etf/1467271812596.ajax?dataType=fund&fileName=EWJ_holdings&fileType=csv,,high
9433.T,KDDI CORP,Japan,Communication Services,9433,Tokyo Stock Exchange,,1.06,EWJ,https://www.ishares.com/us/products/239665/ishares-msci-japan-etf/1467271812596.ajax?dataType=fund&fileName=EWJ_holdings&fileType=csv,,high
9766.T,KONAMI GROUP CORP,Japan,Communication Services,9766,Tokyo Stock Exchange,,0.26,EWJ,https://www.ishares.com/us/products/239665/ishares-msci-japan-etf/1467271812596.ajax?dataType=fund&fileName=EWJ_holdings&fileType=csv,,high
4689.T,LY CORP,Japan,Communication Services,4689,Tokyo Stock Exchange,,0.15,EWJ,https://www.ishares.com/us/products/239665/ishares-msci-japan-etf/1467271812596.ajax?dataType=fund&fileName=EWJ_holdings&fileType=csv,,high
3659.T,NEXON LTD,Japan,Communication Services,3659,Tokyo Stock Exchange,,0.15,EWJ,https://www.ishares.com/us/products/239665/ishares-msci-japan-etf/1467271812596.ajax?dataType=fund&fileName=EWJ_holdings&fileType=csv,,high
7974.T,NINTENDO LTD,Japan,Communication Services,7974,Tokyo Stock Exchange,,1.28,EWJ,https://www.ishares.com/us/products/239665/ishares-msci-japan-etf/1467271812596.ajax?dataType=fund&fileName=EWJ_holdings&fileType=csv,,high
9432.T,NTT INC,Japan,Communication Services,9432,Tokyo Stock Exchange,,0.62,EWJ,https://www.ishares.com/us/products/239665/ishares-msci-japan-etf/1467271812596.ajax?dataType=fund&fileName=EWJ_holdings&fileType=csv,,high
9434.T,SOFTBANK CORP,Japan,Communication Services,9434,Tokyo Stock Exchange,,0.83,EWJ,https://www.ishares.com/us/products/239665/ishares-msci-japan-etf/1467271812596.ajax?dataType=fund&fileName=EWJ_holdings&fileType=csv,,high
9984.T,SOFTBANK GROUP CORP,Japan,Communication Services,9984,Tokyo Stock Exchange,,1.77,EWJ,https://www.ishares.com/us/products/239665/ishares-msci-japan-etf/1467271812596.ajax?dataType=fund&fileName=EWJ_holdings&fileType=csv,,high
9602.T,TOHO (TOKYO) LTD,Japan,Communication Services,9602,Tokyo Stock Exchange,,0.12,EWJ,https://www.ishares.com/us/products/239665/ishares-msci-japan-etf/1467271812596.ajax?dataType=fund&fileName=EWJ_holdings&fileType=csv,,high
7259.T,AISIN CORP,Japan,Consumer Discretionary,7259,Tokyo Stock Exchange,,0.16,EWJ,https://www.ishares.com/us/products/239665/ishares-msci-japan-etf/1467271812596.ajax?dataType=fund&fileName=EWJ_holdings&fileType=csv,,high
7936.T,ASICS CORP,Japan,Consumer Discretionary,7936,Tokyo Stock Exchange,,0.41,EWJ,https://www.ishares.com/us/products/239665/ishares-msci-japan-etf/1467271812596.ajax?dataType=fund&fileName=EWJ_holdings&fileType=csv,,high
7832.T,BANDAI NAMCO HOLDINGS INC,Japan,Consumer Discretionary,7832,Tokyo Stock Exchange,,0.33,EWJ,https://www.ishares.com/us/products/239665/ishares-msci-japan-etf/1467271812596.ajax?dataType=fund&fileName=EWJ_holdings&fileType=csv,,high
5108.T,BRIDGESTONE CORP,Japan,Consumer Discretionary,5108,Tokyo Stock Exchange,,0.52,EWJ,https://www.ishares.com/us/products/239665/ishares-msci-japan-etf/1467271812596.ajax?dataType=fund&fileName=EWJ_holdings&fileType=csv,,high
6902.T,DENSO CORP,Japan,Consumer Discretionary,6902,Tokyo Stock Exchange,,0.47,EWJ,https://www.ishares.com/us/products/239665/ishares-msci-japan-etf/1467271812596.ajax?dataType=fund&fileName=EWJ_holdings&fileType=csv,,high
9983.T,FAST RETAILING LTD,Japan,Consumer Discretionary,9983,Tokyo Stock Exchange,,1.62,EWJ,https://www.ishares.com/us/products/239665/ishares-msci-japan-etf/1467271812596.ajax?dataType=fund&fileName=EWJ_holdings&fileType=csv,,high
7267.T,HONDA MOTOR LTD,Japan,Consumer Discretionary,7267,Tokyo Stock Exchange,,0.72,EWJ,https://www.ishares.com/us/products/239665/ishares-msci-japan-etf/1467271812596.ajax?dataType=fund&fileName=EWJ_holdings&fileType=csv,,high
7202.T,ISUZU MOTORS LTD,Japan,Consumer Discretionary,7202,Tokyo Stock Exchange,,0.18,EWJ,https://www.ishares.com/us/products/239665/ishares-msci-japan-etf/1467271812596.ajax?dataType=fund&fileName=EWJ_holdings&fileType=csv,,high
7201.T,NISSAN MOTOR LTD,Japan,Consumer Discretionary,7201,Tokyo Stock Exchange,,0.11,EWJ,https://www.ishares.com/us/products/239665/ishares-msci-japan-etf/1467271812596.ajax?dataType=fund&fileName=EWJ_holdings&fileType=csv,,high
9843.T,NITORI HOLDINGS LTD,Japan,Consumer Discretionary,9843,Tokyo Stock Exchange,,0.16,EWJ,https://www.ishares.com/us/products/239665/ishares-msci-japan-etf/1467271812596.ajax?dataType=fund&fileName=EWJ_holdings&fileType=csv,,high
4661.T,ORIENTAL LAND LTD,Japan,Consumer Discretionary,4661,Tokyo Stock Exchange,,0.41,EWJ,https://www.ishares.com/us/products/239665/ishares-msci-japan-etf/1467271812596.ajax?dataType=fund&fileName=EWJ_holdings&fileType=csv,,high
7532.T,PAN PACIFIC INTERNATIONAL HOLDINGS,Japan,Consumer Discretionary,7532,Tokyo Stock Exchange,,0.27,EWJ,https://www.ishares.com/us/products/239665/ishares-msci-japan-etf/1467271812596.ajax?dataType=fund&fileName=EWJ_holdings&fileType=csv,,high
6752.T,PANASONIC HOLDINGS CORP,Japan,Consumer Discretionary,6752,Tokyo Stock Exchange,,0.76,EWJ,https://www.ishares.com/us/products/239665/ishares-msci-japan-etf/1467271812596.ajax?dataType=fund&fileName=EWJ_holdings&fileType=csv,,high
4755.T,RAKUTEN GROUP INC,Japan,Consumer Discretionary,4755,Tokyo Stock Exchange,,0.16,EWJ,https://www.ishares.com/us/products/239665/ishares-msci-japan-etf/1467271812596.ajax?dataType=fund&fileName=EWJ_holdings&fileType=csv,,high
7453.T,RYOHIN KEIKAKU LTD,Japan,Consumer Discretionary,7453,Tokyo Stock Exchange,,0.24,EWJ,https://www.ishares.com/us/products/239665/ishares-msci-japan-etf/1467271812596.ajax?dataType=fund&fileName=EWJ_holdings&fileType=csv,,high
8136.T,SANRIO LTD,Japan,Consumer Discretionary,8136,Tokyo Stock Exchange,,0.14,EWJ,https://www.ishares.com/us/products/239665/ishares-msci-japan-etf/1467271812596.ajax?dataType=fund&fileName=EWJ_holdings&fileType=csv,,high
1928.T,SEKISUI HOUSE LTD,Japan,Consumer Discretionary,1928,Tokyo Stock Exchange,,0.29,EWJ,https://www.ishares.com/us/products/239665/ishares-msci-japan-etf/1467271812596.ajax?dataType=fund&fileName=EWJ_holdings&fileType=csv,,high
7309.T,SHIMANO INC,Japan,Consumer Discretionary,7309,Tokyo Stock Exchange,,0.16,EWJ,https://www.ishares.com/us/products/239665/ishares-msci-japan-etf/1467271812596.ajax?dataType=fund&fileName=EWJ_holdings&fileType=csv,,high
6758.T,SONY GROUP CORP,Japan,Consumer Discretionary,6758,Tokyo Stock Exchange,,2.77,EWJ,https://www.ishares.com/us/products/239665/ishares-msci-japan-etf/1467271812596.ajax?dataType=fund&fileName=EWJ_holdings&fileType=csv,,high
7270.T,SUBARU CORP,Japan,Consumer Discretionary,7270,Tokyo Stock Exchange,,0.21,EWJ,https://www.ishares.com/us/products/239665/ishares-msci-japan-etf/1467271812596.ajax?dataType=fund&fileName=EWJ_holdings&fileType=csv,,high
5802.T,SUMITOMO ELECTRIC INDUSTRIES LTD,Japan,Consumer Discretionary,5802,Tokyo Stock Exchange,,0.88,EWJ,https://www.ishares.com/us/products/239665/ishares-msci-japan-etf/1467271812596.ajax?dataType=fund&fileName=EWJ_holdings&fileType=csv,,high
7269.T,SUZUKI MOTOR CORP,Japan,Consumer Discretionary,7269,Tokyo Stock Exchange,,0.43,EWJ,https://www.ishares.com/us/products/239665/ishares-msci-japan-etf/1467271812596.ajax?dataType=fund&fileName=EWJ_holdings&fileType=csv,,high
7203.T,TOYOTA MOTOR CORP,Japan,Consumer Discretionary,7203,Tokyo Stock Exchange,,4.33,EWJ,https://www.ishares.com/us/products/239665/ishares-msci-japan-etf/1467271812596.ajax?dataType=fund&fileName=EWJ_holdings&fileType=csv,,high
7272.T,YAMAHA MOTOR LTD,Japan,Consumer Discretionary,7272,Tokyo Stock Exchange,,0.14,EWJ,https://www.ishares.com/us/products/239665/ishares-msci-japan-etf/1467271812596.ajax?dataType=fund&fileName=EWJ_holdings&fileType=csv,,high
7550.T,ZENSHO HOLDINGS LTD,Japan,Consumer Discretionary,7550,Tokyo Stock Exchange,,0.13,EWJ,https://www.ishares.com/us/products/239665/ishares-msci-japan-etf/1467271812596.ajax?dataType=fund&fileName=EWJ_holdings&fileType=csv,,high
3092.T,ZOZO INC,Japan,Consumer Discretionary,3092,Tokyo Stock Exchange,,0.07,EWJ,https://www.ishares.com/us/products/239665/ishares-msci-japan-etf/1467271812596.ajax?dataType=fund&fileName=EWJ_holdings&fileType=csv,,high
8267.T,AEON LTD,Japan,Consumer Staples,8267,Tokyo Stock Exchange,,0.6,EWJ,https://www.ishares.com/us/products/239665/ishares-msci-japan-etf/1467271812596.ajax?dataType=fund&fileName=EWJ_holdings&fileType=csv,,high
2802.T,AJINOMOTO INC,Japan,Consumer Staples,2802,Tokyo Stock Exchange,,0.53,EWJ,https://www.ishares.com/us/products/239665/ishares-msci-japan-etf/1467271812596.ajax?dataType=fund&fileName=EWJ_holdings&fileType=csv,,high
2502.T,ASAHI GROUP HOLDINGS LTD,Japan,Consumer Staples,2502,Tokyo Stock Exchange,,0.33,EWJ,https://www.ishares.com/us/products/239665/ishares-msci-japan-etf/1467271812596.ajax?dataType=fund&fileName=EWJ_holdings&fileType=csv,,high
2914.T,JAPAN TOBACCO INC,Japan,Consumer Staples,2914,Tokyo Stock Exchange,,0.92,EWJ,https://www.ishares.com/us/products/239665/ishares-msci-japan-etf/1467271812596.ajax?dataType=fund&fileName=EWJ_holdings&fileType=csv,,high
4452.T,KAO CORP,Japan,Consumer Staples,4452,Tokyo Stock Exchange,,0.38,EWJ,https://www.ishares.com/us/products/239665/ishares-msci-japan-etf/1467271812596.ajax?dataType=fund&fileName=EWJ_holdings&fileType=csv,,high
2801.T,KIKKOMAN CORP,Japan,Consumer Staples,2801,Tokyo Stock Exchange,,0.13,EWJ,https://www.ishares.com/us/products/239665/ishares-msci-japan-etf/1467271812596.ajax?dataType=fund&fileName=EWJ_holdings&fileType=csv,,high
2503.T,KIRIN HOLDINGS LTD,Japan,Consumer Staples,2503,Tokyo Stock Exchange,,0.27,EWJ,https://www.ishares.com/us/products/239665/ishares-msci-japan-etf/1467271812596.ajax?dataType=fund&fileName=EWJ_holdings&fileType=csv,,high
3088.T,MATSUKIYOKARA,Japan,Consumer Staples,3088,Tokyo Stock Exchange,,0.11,EWJ,https://www.ishares.com/us/products/239665/ishares-msci-japan-etf/1467271812596.ajax?dataType=fund&fileName=EWJ_holdings&fileType=csv,,high
3382.T,SEVEN & I HOLDINGS LTD,Japan,Consumer Staples,3382,Tokyo Stock Exchange,,0.58,EWJ,https://www.ishares.com/us/products/239665/ishares-msci-japan-etf/1467271812596.ajax?dataType=fund&fileName=EWJ_holdings&fileType=csv,,high
4911.T,SHISEIDO LTD,Japan,Consumer Staples,4911,Tokyo Stock Exchange,,0.16,EWJ,https://www.ishares.com/us/products/239665/ishares-msci-japan-etf/1467271812596.ajax?dataType=fund&fileName=EWJ_holdings&fileType=csv,,high
2587.T,SUNTORY BEVERAGE & FOOD LTD,Japan,Consumer Staples,2587,Tokyo Stock Exchange,,0.09,EWJ,https://www.ishares.com/us/products/239665/ishares-msci-japan-etf/1467271812596.ajax?dataType=fund&fileName=EWJ_holdings&fileType=csv,,high
3391.T,TSURUHA HOLDINGS INC,Japan,Consumer Staples,3391,Tokyo Stock Exchange,,0.07,EWJ,https://www.ishares.com/us/products/239665/ishares-msci-japan-etf/1467271812596.ajax?dataType=fund&fileName=EWJ_holdings&fileType=csv,,high
8113.T,UNICHARM CORP,Japan,Consumer Staples,8113,Tokyo Stock Exchange,,0.14,EWJ,https://www.ishares.com/us/products/239665/ishares-msci-japan-etf/1467271812596.ajax?dataType=fund&fileName=EWJ_holdings&fileType=csv,,high
5020.T,ENEOS HOLDINGS INC,Japan,Energy,5020,Tokyo Stock Exchange,,0.49,EWJ,https://www.ishares.com/us/products/239665/ishares-msci-japan-etf/1467271812596.ajax?dataType=fund&fileName=EWJ_holdings&fileType=csv,,high
5019.T,IDEMITSU KOSAN LTD,Japan,Energy,5019,Tokyo Stock Exchange,,0.14,EWJ,https://www.ishares.com/us/products/239665/ishares-msci-japan-etf/1467271812596.ajax?dataType=fund&fileName=EWJ_holdings&fileType=csv,,high
1605.T,INPEX CORP,Japan,Energy,1605,Tokyo Stock Exchange,,0.49,EWJ,https://www.ishares.com/us/products/239665/ishares-msci-japan-etf/1467271812596.ajax?dataType=fund&fileName=EWJ_holdings&fileType=csv,,high
8331.T,CHIBA BANK LTD,Japan,Financials,8331,Tokyo Stock Exchange,,0.15,EWJ,https://www.ishares.com/us/products/239665/ishares-msci-japan-etf/1467271812596.ajax?dataType=fund&fileName=EWJ_holdings&fileType=csv,,high
8750.T,DAI-ICHI LIFE HOLDINGS INC,Japan,Financials,8750,Tokyo Stock Exchange,,0.7,EWJ,https://www.ishares.com/us/products/239665/ishares-msci-japan-etf/1467271812596.ajax?dataType=fund&fileName=EWJ_holdings&fileType=csv,,high
8601.T,DAIWA SECURITIES GROUP INC,Japan,Financials,8601,Tokyo Stock Exchange,,0.26,EWJ,https://www.ishares.com/us/products/239665/ishares-msci-japan-etf/1467271812596.ajax?dataType=fund&fileName=EWJ_holdings&fileType=csv,,high
8697.T,JAPAN EXCHANGE GROUP INC,Japan,Financials,8697,Tokyo Stock Exchange,,0.26,EWJ,https://www.ishares.com/us/products/239665/ishares-msci-japan-etf/1467271812596.ajax?dataType=fund&fileName=EWJ_holdings&fileType=csv,,high
7182.T,JAPAN POST BANK LTD,Japan,Financials,7182,Tokyo Stock Exchange,,0.65,EWJ,https://www.ishares.com/us/products/239665/ishares-msci-japan-etf/1467271812596.ajax?dataType=fund&fileName=EWJ_holdings&fileType=csv,,high
6178.T,JAPAN POST HOLDINGS LTD,Japan,Financials,6178,Tokyo Stock Exchange,,0.44,EWJ,https://www.ishares.com/us/products/239665/ishares-msci-japan-etf/1467271812596.ajax?dataType=fund&fileName=EWJ_holdings&fileType=csv,,high
7181.T,JAPAN POST INSURANCE LTD,Japan,Financials,7181,Tokyo Stock Exchange,,0.11,EWJ,https://www.ishares.com/us/products/239665/ishares-msci-japan-etf/1467271812596.ajax?dataType=fund&fileName=EWJ_holdings&fileType=csv,,high
8593.T,MITSUBISHI HC CAPITAL INC,Japan,Financials,8593,Tokyo Stock Exchange,,0.17,EWJ,https://www.ishares.com/us/products/239665/ishares-msci-japan-etf/1467271812596.ajax?dataType=fund&fileName=EWJ_holdings&fileType=csv,,high
8306.T,MITSUBISHI UFJ FINANCIAL GROUP INC,Japan,Financials,8306,Tokyo Stock Exchange,,4.05,EWJ,https://www.ishares.com/us/products/239665/ishares-msci-japan-etf/1467271812596.ajax?dataType=fund&fileName=EWJ_holdings&fileType=csv,,high
8411.T,MIZUHO FINANCIAL GROUP INC,Japan,Financials,8411,Tokyo Stock Exchange,,2.07,EWJ,https://www.ishares.com/us/products/239665/ishares-msci-japan-etf/1467271812596.ajax?dataType=fund&fileName=EWJ_holdings&fileType=csv,,high
8725.T,MS&AD INSURANCE GROUP HOLDINGS INC,Japan,Financials,8725,Tokyo Stock Exchange,,0.7,EWJ,https://www.ishares.com/us/products/239665/ishares-msci-japan-etf/1467271812596.ajax?dataType=fund&fileName=EWJ_holdings&fileType=csv,,high
8604.T,NOMURA HOLDINGS INC,Japan,Financials,8604,Tokyo Stock Exchange,,0.48,EWJ,https://www.ishares.com/us/products/239665/ishares-msci-japan-etf/1467271812596.ajax?dataType=fund&fileName=EWJ_holdings&fileType=csv,,high
8591.T,ORIX CORP,Japan,Financials,8591,Tokyo Stock Exchange,,0.77,EWJ,https://www.ishares.com/us/products/239665/ishares-msci-japan-etf/1467271812596.ajax?dataType=fund&fileName=EWJ_holdings&fileType=csv,,high
8308.T,RESONA HOLDINGS INC,Japan,Financials,8308,Tokyo Stock Exchange,,0.49,EWJ,https://www.ishares.com/us/products/239665/ishares-msci-japan-etf/1467271812596.ajax?dataType=fund&fileName=EWJ_holdings&fileType=csv,,high
8473.T,SBI HOLDINGS INC,Japan,Financials,8473,Tokyo Stock Exchange,,0.22,EWJ,https://www.ishares.com/us/products/239665/ishares-msci-japan-etf/1467271812596.ajax?dataType=fund&fileName=EWJ_holdings&fileType=csv,,high
8630.T,SOMPO HOLDINGS INC,Japan,Financials,8630,Tokyo Stock Exchange,,0.69,EWJ,https://www.ishares.com/us/products/239665/ishares-msci-japan-etf/1467271812596.ajax?dataType=fund&fileName=EWJ_holdings&fileType=csv,,high
8729.T,SONY FINANCIAL GROUP INC,Japan,Financials,8729,Tokyo Stock Exchange,,0.12,EWJ,https://www.ishares.com/us/products/239665/ishares-msci-japan-etf/1467271812596.ajax?dataType=fund&fileName=EWJ_holdings&fileType=csv,,high
8316.T,SUMITOMO MITSUI FINANCIAL GROUP IN,Japan,Financials,8316,Tokyo Stock Exchange,,2.57,EWJ,https://www.ishares.com/us/products/239665/ishares-msci-japan-etf/1467271812596.ajax?dataType=fund&fileName=EWJ_holdings&fileType=csv,,high
8309.T,SUMITOMO MITSUI TRUST GROUP INC,Japan,Financials,8309,Tokyo Stock Exchange,,0.43,EWJ,https://www.ishares.com/us/products/239665/ishares-msci-japan-etf/1467271812596.ajax?dataType=fund&fileName=EWJ_holdings&fileType=csv,,high
8795.T,T&D HOLDINGS INC,Japan,Financials,8795,Tokyo Stock Exchange,,0.24,EWJ,https://www.ishares.com/us/products/239665/ishares-msci-japan-etf/1467271812596.ajax?dataType=fund&fileName=EWJ_holdings&fileType=csv,,high
8766.T,TOKIO MARINE HOLDINGS INC,Japan,Financials,8766,Tokyo Stock Exchange,,1.49,EWJ,https://www.ishares.com/us/products/239665/ishares-msci-japan-etf/1467271812596.ajax?dataType=fund&fileName=EWJ_holdings&fileType=csv,,high
7186.T,YOKOHAMA FINANCIAL GROUP INC,Japan,Financials,7186,Tokyo Stock Exchange,,0.2,EWJ,https://www.ishares.com/us/products/239665/ishares-msci-japan-etf/1467271812596.ajax?dataType=fund&fileName=EWJ_holdings&fileType=csv,,high
4503.T,ASTELLAS PHARMA INC,Japan,Health Care,4503,Tokyo Stock Exchange,,0.58,EWJ,https://www.ishares.com/us/products/239665/ishares-msci-japan-etf/1467271812596.ajax?dataType=fund&fileName=EWJ_holdings&fileType=csv,,high
4519.T,CHUGAI PHARMACEUTICAL LTD,Japan,Health Care,4519,Tokyo Stock Exchange,,0.86,EWJ,https://www.ishares.com/us/products/239665/ishares-msci-japan-etf/1467271812596.ajax?dataType=fund&fileName=EWJ_holdings&fileType=csv,,high
4568.T,DAIICHI SANKYO LTD,Japan,Health Care,4568,Tokyo Stock Exchange,,0.69,EWJ,https://www.ishares.com/us/products/239665/ishares-msci-japan-etf/1467271812596.ajax?dataType=fund&fileName=EWJ_holdings&fileType=csv,,high
4523.T,EISAI LTD,Japan,Health Care,4523,Tokyo Stock Exchange,,0.17,EWJ,https://www.ishares.com/us/products/239665/ishares-msci-japan-etf/1467271812596.ajax?dataType=fund&fileName=EWJ_holdings&fileType=csv,,high
7741.T,HOYA CORP,Japan,Health Care,7741,Tokyo Stock Exchange,,1.22,EWJ,https://www.ishares.com/us/products/239665/ishares-msci-japan-etf/1467271812596.ajax?dataType=fund&fileName=EWJ_holdings&fileType=csv,,high
4151.T,KYOWA KIRIN LTD,Japan,Health Care,4151,Tokyo Stock Exchange,,0.07,EWJ,https://www.ishares.com/us/products/239665/ishares-msci-japan-etf/1467271812596.ajax?dataType=fund&fileName=EWJ_holdings&fileType=csv,,high
2413.T,M3 INC,Japan,Health Care,2413,Tokyo Stock Exchange,,0.1,EWJ,https://www.ishares.com/us/products/239665/ishares-msci-japan-etf/1467271812596.ajax?dataType=fund&fileName=EWJ_holdings&fileType=csv,,high
7733.T,OLYMPUS CORP,Japan,Health Care,7733,Tokyo Stock Exchange,,0.21,EWJ,https://www.ishares.com/us/products/239665/ishares-msci-japan-etf/1467271812596.ajax?dataType=fund&fileName=EWJ_holdings&fileType=csv,,high
4578.T,OTSUKA HOLDINGS LTD,Japan,Health Care,4578,Tokyo Stock Exchange,,0.58,EWJ,https://www.ishares.com/us/products/239665/ishares-msci-japan-etf/1467271812596.ajax?dataType=fund&fileName=EWJ_holdings&fileType=csv,,high
4507.T,SHIONOGI LTD,Japan,Health Care,4507,Tokyo Stock Exchange,,0.35,EWJ,https://www.ishares.com/us/products/239665/ishares-msci-japan-etf/1467271812596.ajax?dataType=fund&fileName=EWJ_holdings&fileType=csv,,high
6869.T,SYSMEX CORP,Japan,Health Care,6869,Tokyo Stock Exchange,,0.11,EWJ,https://www.ishares.com/us/products/239665/ishares-msci-japan-etf/1467271812596.ajax?dataType=fund&fileName=EWJ_holdings&fileType=csv,,high
4502.T,TAKEDA PHARMACEUTICAL LTD,Japan,Health Care,4502,Tokyo Stock Exchange,,1.2,EWJ,https://www.ishares.com/us/products/239665/ishares-msci-japan-etf/1467271812596.ajax?dataType=fund&fileName=EWJ_holdings&fileType=csv,,high
4543.T,TERUMO CORP,Japan,Health Care,4543,Tokyo Stock Exchange,,0.37,EWJ,https://www.ishares.com/us/products/239665/ishares-msci-japan-etf/1467271812596.ajax?dataType=fund&fileName=EWJ_holdings&fileType=csv,,high
5201.T,AGC INC,Japan,Industrials,5201,Tokyo Stock Exchange,,0.15,EWJ,https://www.ishares.com/us/products/239665/ishares-msci-japan-etf/1467271812596.ajax?dataType=fund&fileName=EWJ_holdings&fileType=csv,,high
9202.T,ANA HOLDINGS INC,Japan,Industrials,9202,Tokyo Stock Exchange,,0.06,EWJ,https://www.ishares.com/us/products/239665/ishares-msci-japan-etf/1467271812596.ajax?dataType=fund&fileName=EWJ_holdings&fileType=csv,,high
9022.T,CENTRAL JAPAN RAILWAY,Japan,Industrials,9022,Tokyo Stock Exchange,,0.45,EWJ,https://www.ishares.com/us/products/239665/ishares-msci-japan-etf/1467271812596.ajax?dataType=fund&fileName=EWJ_holdings&fileType=csv,,high
7912.T,DAI NIPPON PRINTING LTD,Japan,Industrials,7912,Tokyo Stock Exchange,,0.16,EWJ,https://www.ishares.com/us/products/239665/ishares-msci-japan-etf/1467271812596.ajax?dataType=fund&fileName=EWJ_holdings&fileType=csv,,high
6383.T,DAIFUKU LTD,Japan,Industrials,6383,Tokyo Stock Exchange,,0.23,EWJ,https://www.ishares.com/us/products/239665/ishares-msci-japan-etf/1467271812596.ajax?dataType=fund&fileName=EWJ_holdings&fileType=csv,,high
6367.T,DAIKIN INDUSTRIES LTD,Japan,Industrials,6367,Tokyo Stock Exchange,,0.68,EWJ,https://www.ishares.com/us/products/239665/ishares-msci-japan-etf/1467271812596.ajax?dataType=fund&fileName=EWJ_holdings&fileType=csv,,high
9020.T,EAST JAPAN RAILWAY,Japan,Industrials,9020,Tokyo Stock Exchange,,0.49,EWJ,https://www.ishares.com/us/products/239665/ishares-msci-japan-etf/1467271812596.ajax?dataType=fund&fileName=EWJ_holdings&fileType=csv,,high
6361.T,EBARA CORP,Japan,Industrials,6361,Tokyo Stock Exchange,,0.3,EWJ,https://www.ishares.com/us/products/239665/ishares-msci-japan-etf/1467271812596.ajax?dataType=fund&fileName=EWJ_holdings&fileType=csv,,high
6954.T,FANUC CORP,Japan,Industrials,6954,Tokyo Stock Exchange,,0.75,EWJ,https://www.ishares.com/us/products/239665/ishares-msci-japan-etf/1467271812596.ajax?dataType=fund&fileName=EWJ_holdings&fileType=csv,,high
6504.T,FUJI ELECTRIC LTD,Japan,Industrials,6504,Tokyo Stock Exchange,,0.2,EWJ,https://www.ishares.com/us/products/239665/ishares-msci-japan-etf/1467271812596.ajax?dataType=fund&fileName=EWJ_holdings&fileType=csv,,high
5803.T,FUJIKURA LTD,Japan,Industrials,5803,Tokyo Stock Exchange,,0.77,EWJ,https://www.ishares.com/us/products/239665/ishares-msci-japan-etf/1467271812596.ajax?dataType=fund&fileName=EWJ_holdings&fileType=csv,,high
9042.T,HANKYU HANSHIN HOLDINGS INC,Japan,Industrials,9042,Tokyo Stock Exchange,,0.13,EWJ,https://www.ishares.com/us/products/239665/ishares-msci-japan-etf/1467271812596.ajax?dataType=fund&fileName=EWJ_holdings&fileType=csv,,high
9435.T,HIKARI TSUSHIN INC,Japan,Industrials,9435,Tokyo Stock Exchange,,0.1,EWJ,https://www.ishares.com/us/products/239665/ishares-msci-japan-etf/1467271812596.ajax?dataType=fund&fileName=EWJ_holdings&fileType=csv,,high
6501.T,HITACHI LTD,Japan,Industrials,6501,Tokyo Stock Exchange,,2.91,EWJ,https://www.ishares.com/us/products/239665/ishares-msci-japan-etf/1467271812596.ajax?dataType=fund&fileName=EWJ_holdings&fileType=csv,,high
7013.T,IHI CORP,Japan,Industrials,7013,Tokyo Stock Exchange,,0.52,EWJ,https://www.ishares.com/us/products/239665/ishares-msci-japan-etf/1467271812596.ajax?dataType=fund&fileName=EWJ_holdings&fileType=csv,,high
8001.T,ITOCHU CORP,Japan,Industrials,8001,Tokyo Stock Exchange,,1.62,EWJ,https://www.ishares.com/us/products/239665/ishares-msci-japan-etf/1467271812596.ajax?dataType=fund&fileName=EWJ_holdings&fileType=csv,,high
9201.T,JAPAN AIRLINES LTD,Japan,Industrials,9201,Tokyo Stock Exchange,,0.05,EWJ,https://www.ishares.com/us/products/239665/ishares-msci-japan-etf/1467271812596.ajax?dataType=fund&fileName=EWJ_holdings&fileType=csv,,high
1812.T,KAJIMA CORP,Japan,Industrials,1812,Tokyo Stock Exchange,,0.35,EWJ,https://www.ishares.com/us/products/239665/ishares-msci-japan-etf/1467271812596.ajax?dataType=fund&fileName=EWJ_holdings&fileType=csv,,high
7012.T,KAWASAKI HEAVY INDUSTRIES LTD,Japan,Industrials,7012,Tokyo Stock Exchange,,0.32,EWJ,https://www.ishares.com/us/products/239665/ishares-msci-japan-etf/1467271812596.ajax?dataType=fund&fileName=EWJ_holdings&fileType=csv,,high
9107.T,KAWASAKI KISEN LTD,Japan,Industrials,9107,Tokyo Stock Exchange,,0.12,EWJ,https://www.ishares.com/us/products/239665/ishares-msci-japan-etf/1467271812596.ajax?dataType=fund&fileName=EWJ_holdings&fileType=csv,,high
6301.T,KOMATSU LTD,Japan,Industrials,6301,Tokyo Stock Exchange,,0.85,EWJ,https://www.ishares.com/us/products/239665/ishares-msci-japan-etf/1467271812596.ajax?dataType=fund&fileName=EWJ_holdings&fileType=csv,,high
6326.T,KUBOTA CORP,Japan,Industrials,6326,Tokyo Stock Exchange,,0.35,EWJ,https://www.ishares.com/us/products/239665/ishares-msci-japan-etf/1467271812596.ajax?dataType=fund&fileName=EWJ_holdings&fileType=csv,,high
6586.T,MAKITA CORP,Japan,Industrials,6586,Tokyo Stock Exchange,,0.16,EWJ,https://www.ishares.com/us/products/239665/ishares-msci-japan-etf/1467271812596.ajax?dataType=fund&fileName=EWJ_holdings&fileType=csv,,high
8002.T,MARUBENI CORP,Japan,Industrials,8002,Tokyo Stock Exchange,,0.98,EWJ,https://www.ishares.com/us/products/239665/ishares-msci-japan-etf/1467271812596.ajax?dataType=fund&fileName=EWJ_holdings&fileType=csv,,high
6479.T,MINEBEA MITSUMI INC,Japan,Industrials,6479,Tokyo Stock Exchange,,0.14,EWJ,https://www.ishares.com/us/products/239665/ishares-msci-japan-etf/1467271812596.ajax?dataType=fund&fileName=EWJ_holdings&fileType=csv,,high
8058.T,MITSUBISHI CORP,Japan,Industrials,8058,Tokyo Stock Exchange,,2.14,EWJ,https://www.ishares.com/us/products/239665/ishares-msci-japan-etf/1467271812596.ajax?dataType=fund&fileName=EWJ_holdings&fileType=csv,,high
6503.T,MITSUBISHI ELECTRIC CORP,Japan,Industrials,6503,Tokyo Stock Exchange,,1.34,EWJ,https://www.ishares.com/us/products/239665/ishares-msci-japan-etf/1467271812596.ajax?dataType=fund&fileName=EWJ_holdings&fileType=csv,,high
7011.T,MITSUBISHI HEAVY INDUSTRIES LTD,Japan,Industrials,7011,Tokyo Stock Exchange,,1.98,EWJ,https://www.ishares.com/us/products/239665/ishares-msci-japan-etf/1467271812596.ajax?dataType=fund&fileName=EWJ_holdings&fileType=csv,,high
8031.T,MITSUI LTD,Japan,Industrials,8031,Tokyo Stock Exchange,,1.9,EWJ,https://www.ishares.com/us/products/239665/ishares-msci-japan-etf/1467271812596.ajax?dataType=fund&fileName=EWJ_holdings&fileType=csv,,high
9104.T,MITSUI OSK LINES LTD,Japan,Industrials,9104,Tokyo Stock Exchange,,0.28,EWJ,https://www.ishares.com/us/products/239665/ishares-msci-japan-etf/1467271812596.ajax?dataType=fund&fileName=EWJ_holdings&fileType=csv,,high
3064.T,MONOTARO LTD,Japan,Industrials,3064,Tokyo Stock Exchange,,0.07,EWJ,https://www.ishares.com/us/products/239665/ishares-msci-japan-etf/1467271812596.ajax?dataType=fund&fileName=EWJ_holdings&fileType=csv,,high
6594.T,NIDEC CORP,Japan,Industrials,6594,Tokyo Stock Exchange,,0.25,EWJ,https://www.ishares.com/us/products/239665/ishares-msci-japan-etf/1467271812596.ajax?dataType=fund&fileName=EWJ_holdings&fileType=csv,,high
9101.T,NIPPON YUSEN,Japan,Industrials,9101,Tokyo Stock Exchange,,0.31,EWJ,https://www.ishares.com/us/products/239665/ishares-msci-japan-etf/1467271812596.ajax?dataType=fund&fileName=EWJ_holdings&fileType=csv,,high
1802.T,OBAYASHI CORP,Japan,Industrials,1802,Tokyo Stock Exchange,,0.33,EWJ,https://www.ishares.com/us/products/239665/ishares-msci-japan-etf/1467271812596.ajax?dataType=fund&fileName=EWJ_holdings&fileType=csv,,high
6098.T,RECRUIT HOLDINGS LTD,Japan,Industrials,6098,Tokyo Stock Exchange,,1.27,EWJ,https://www.ishares.com/us/products/239665/ishares-msci-japan-etf/1467271812596.ajax?dataType=fund&fileName=EWJ_holdings&fileType=csv,,high
9735.T,SECOM LTD,Japan,Industrials,9735,Tokyo Stock Exchange,,0.32,EWJ,https://www.ishares.com/us/products/239665/ishares-msci-japan-etf/1467271812596.ajax?dataType=fund&fileName=EWJ_holdings&fileType=csv,,high
9024.T,SEIBU HOLDINGS INC,Japan,Industrials,9024,Tokyo Stock Exchange,,0.12,EWJ,https://www.ishares.com/us/products/239665/ishares-msci-japan-etf/1467271812596.ajax?dataType=fund&fileName=EWJ_holdings&fileType=csv,,high
4204.T,SEKISUI CHEMICAL LTD,Japan,Industrials,4204,Tokyo Stock Exchange,,0.14,EWJ,https://www.ishares.com/us/products/239665/ishares-msci-japan-etf/1467271812596.ajax?dataType=fund&fileName=EWJ_holdings&fileType=csv,,high
1803.T,SHIMIZU CORP,Japan,Industrials,1803,Tokyo Stock Exchange,,0.2,EWJ,https://www.ishares.com/us/products/239665/ishares-msci-japan-etf/1467271812596.ajax?dataType=fund&fileName=EWJ_holdings&fileType=csv,,high
6273.T,SMC (JAPAN) CORP,Japan,Industrials,6273,Tokyo Stock Exchange,,0.5,EWJ,https://www.ishares.com/us/products/239665/ishares-msci-japan-etf/1467271812596.ajax?dataType=fund&fileName=EWJ_holdings&fileType=csv,,high
8053.T,SUMITOMO CORP,Japan,Industrials,8053,Tokyo Stock Exchange,,0.82,EWJ,https://www.ishares.com/us/products/239665/ishares-msci-japan-etf/1467271812596.ajax?dataType=fund&fileName=EWJ_holdings&fileType=csv,,high
1801.T,TAISEI CORP,Japan,Industrials,1801,Tokyo Stock Exchange,,0.33,EWJ,https://www.ishares.com/us/products/239665/ishares-msci-japan-etf/1467271812596.ajax?dataType=fund&fileName=EWJ_holdings&fileType=csv,,high
9005.T,TOKYU CORP,Japan,Industrials,9005,Tokyo Stock Exchange,,0.13,EWJ,https://www.ishares.com/us/products/239665/ishares-msci-japan-etf/1467271812596.ajax?dataType=fund&fileName=EWJ_holdings&fileType=csv,,high
7911.T,TOPPAN HOLDINGS INC,Japan,Industrials,7911,Tokyo Stock Exchange,,0.15,EWJ,https://www.ishares.com/us/products/239665/ishares-msci-japan-etf/1467271812596.ajax?dataType=fund&fileName=EWJ_holdings&fileType=csv,,high
6201.T,TOYOTA INDUSTRIES CORP,Japan,Industrials,6201,Tokyo Stock Exchange,,0.45,EWJ,https://www.ishares.com/us/products/239665/ishares-msci-japan-etf/1467271812596.ajax?dataType=fund&fileName=EWJ_holdings&fileType=csv,,high
8015.T,TOYOTA TSUSHO CORP,Japan,Industrials,8015,Tokyo Stock Exchange,,0.55,EWJ,https://www.ishares.com/us/products/239665/ishares-msci-japan-etf/1467271812596.ajax?dataType=fund&fileName=EWJ_holdings&fileType=csv,,high
9021.T,WEST JAPAN RAILWAY,Japan,Industrials,9021,Tokyo Stock Exchange,,0.18,EWJ,https://www.ishares.com/us/products/239665/ishares-msci-japan-etf/1467271812596.ajax?dataType=fund&fileName=EWJ_holdings&fileType=csv,,high
6857.T,ADVANTEST CORP,Japan,Information Technology,6857,Tokyo Stock Exchange,,2.36,EWJ,https://www.ishares.com/us/products/239665/ishares-msci-japan-etf/1467271812596.ajax?dataType=fund&fileName=EWJ_holdings&fileType=csv,,high
7751.T,CANON INC,Japan,Information Technology,7751,Tokyo Stock Exchange,,0.52,EWJ,https://www.ishares.com/us/products/239665/ishares-msci-japan-etf/1467271812596.ajax?dataType=fund&fileName=EWJ_holdings&fileType=csv,,high
6146.T,DISCO CORP,Japan,Information Technology,6146,Tokyo Stock Exchange,,0.82,EWJ,https://www.ishares.com/us/products/239665/ishares-msci-japan-etf/1467271812596.ajax?dataType=fund&fileName=EWJ_holdings&fileType=csv,,high
4901.T,FUJIFILM HOLDINGS CORP,Japan,Information Technology,4901,Tokyo Stock Exchange,,0.45,EWJ,https://www.ishares.com/us/products/239665/ishares-msci-japan-etf/1467271812596.ajax?dataType=fund&fileName=EWJ_holdings&fileType=csv,,high
6702.T,FUJITSU LTD,Japan,Information Technology,6702,Tokyo Stock Exchange,,0.87,EWJ,https://www.ishares.com/us/products/239665/ishares-msci-japan-etf/1467271812596.ajax?dataType=fund&fileName=EWJ_holdings&fileType=csv,,high
4062.T,IBIDEN LTD,Japan,Information Technology,4062,Tokyo Stock Exchange,,0.23,EWJ,https://www.ishares.com/us/products/239665/ishares-msci-japan-etf/1467271812596.ajax?dataType=fund&fileName=EWJ_holdings&fileType=csv,,high
6861.T,KEYENCE CORP,Japan,Information Technology,6861,Tokyo Stock Exchange,,1.51,EWJ,https://www.ishares.com/us/products/239665/ishares-msci-japan-etf/1467271812596.ajax?dataType=fund&fileName=EWJ_holdings&fileType=csv,,high
285A.T,KIOXIA HOLDINGS CORP,Japan,Information Technology,285A,Tokyo Stock Exchange,,0.46,EWJ,https://www.ishares.com/us/products/239665/ishares-msci-japan-etf/1467271812596.ajax?dataType=fund&fileName=EWJ_holdings&fileType=csv,,high
6971.T,KYOCERA CORP,Japan,Information Technology,6971,Tokyo Stock Exchange,,0.44,EWJ,https://www.ishares.com/us/products/239665/ishares-msci-japan-etf/1467271812596.ajax?dataType=fund&fileName=EWJ_holdings&fileType=csv,,high
6920.T,LASERTEC CORP,Japan,Information Technology,6920,Tokyo Stock Exchange,,0.32,EWJ,https://www.ishares.com/us/products/239665/ishares-msci-japan-etf/1467271812596.ajax?dataType=fund&fileName=EWJ_holdings&fileType=csv,,high
6981.T,MURATA MANUFACTURING LTD,Japan,Information Technology,6981,Tokyo Stock Exchange,,0.78,EWJ,https://www.ishares.com/us/products/239665/ishares-msci-japan-etf/1467271812596.ajax?dataType=fund&fileName=EWJ_holdings&fileType=csv,,high
6701.T,NEC CORP,Japan,Information Technology,6701,Tokyo Stock Exchange,,0.77,EWJ,https://www.ishares.com/us/products/239665/ishares-msci-japan-etf/1467271812596.ajax?dataType=fund&fileName=EWJ_holdings&fileType=csv,,high
4307.T,NOMURA RESEARCH INSTITUTE LTD,Japan,Information Technology,4307,Tokyo Stock Exchange,,0.22,EWJ,https://www.ishares.com/us/products/239665/ishares-msci-japan-etf/1467271812596.ajax?dataType=fund&fileName=EWJ_holdings&fileType=csv,,high
4684.T,OBIC LTD,Japan,Information Technology,4684,Tokyo Stock Exchange,,0.18,EWJ,https://www.ishares.com/us/products/239665/ishares-msci-japan-etf/1467271812596.ajax?dataType=fund&fileName=EWJ_holdings&fileType=csv,,high
4716.T,ORACLE JAPAN CORP,Japan,Information Technology,4716,Tokyo Stock Exchange,,0.05,EWJ,https://www.ishares.com/us/products/239665/ishares-msci-japan-etf/1467271812596.ajax?dataType=fund&fileName=EWJ_holdings&fileType=csv,,high
4768.T,OTSUKA CORP,Japan,Information Technology,4768,Tokyo Stock Exchange,,0.1,EWJ,https://www.ishares.com/us/products/239665/ishares-msci-japan-etf/1467271812596.ajax?dataType=fund&fileName=EWJ_holdings&fileType=csv,,high
6723.T,RENESAS ELECTRONICS CORP,Japan,Information Technology,6723,Tokyo Stock Exchange,,0.58,EWJ,https://www.ishares.com/us/products/239665/ishares-msci-japan-etf/1467271812596.ajax?dataType=fund&fileName=EWJ_holdings&fileType=csv,,high
7735.T,SCREEN HOLDINGS LTD,Japan,Information Technology,7735,Tokyo Stock Exchange,,0.21,EWJ,https://www.ishares.com/us/products/239665/ishares-msci-japan-etf/1467271812596.ajax?dataType=fund&fileName=EWJ_holdings&fileType=csv,,high
7701.T,SHIMADZU CORP,Japan,Information Technology,7701,Tokyo Stock Exchange,,0.12,EWJ,https://www.ishares.com/us/products/239665/ishares-msci-japan-etf/1467271812596.ajax?dataType=fund&fileName=EWJ_holdings&fileType=csv,,high
6762.T,TDK CORP,Japan,Information Technology,6762,Tokyo Stock Exchange,,0.55,EWJ,https://www.ishares.com/us/products/239665/ishares-msci-japan-etf/1467271812596.ajax?dataType=fund&fileName=EWJ_holdings&fileType=csv,,high
3626.T,TIS INC,Japan,Information Technology,3626,Tokyo Stock Exchange,,0.09,EWJ,https://www.ishares.com/us/products/239665/ishares-msci-japan-etf/1467271812596.ajax?dataType=fund&fileName=EWJ_holdings&fileType=csv,,high
8035.T,TOKYO ELECTRON LTD,Japan,Information Technology,8035,Tokyo Stock Exchange,,2.35,EWJ,https://www.ishares.com/us/products/239665/ishares-msci-japan-etf/1467271812596.ajax?dataType=fund&fileName=EWJ_holdings&fileType=csv,,high
6841.T,YOKOGAWA ELECTRIC CORP,Japan,Information Technology,6841,Tokyo Stock Exchange,,0.16,EWJ,https://www.ishares.com/us/products/239665/ishares-msci-japan-etf/1467271812596.ajax?dataType=fund&fileName=EWJ_holdings&fileType=csv,,high
3407.T,ASAHI KASEI CORP,Japan,Materials,3407,Tokyo Stock Exchange,,0.29,EWJ,https://www.ishares.com/us/products/239665/ishares-msci-japan-etf/1467271812596.ajax?dataType=fund&fileName=EWJ_holdings&fileType=csv,,high
5411.T,JFE HOLDINGS INC,Japan,Materials,5411,Tokyo Stock Exchange,,0.15,EWJ,https://www.ishares.com/us/products/239665/ishares-msci-japan-etf/1467271812596.ajax?dataType=fund&fileName=EWJ_holdings&fileType=csv,,high
5016.T,JX ADVANCED METALS CORP,Japan,Materials,5016,Tokyo Stock Exchange,,0.28,EWJ,https://www.ishares.com/us/products/239665/ishares-msci-japan-etf/1467271812596.ajax?dataType=fund&fileName=EWJ_holdings&fileType=csv,,high
4188.T,MITSUBISHI CHEMICAL GROUP CORP,Japan,Materials,4188,Tokyo Stock Exchange,,0.16,EWJ,https://www.ishares.com/us/products/239665/ishares-msci-japan-etf/1467271812596.ajax?dataType=fund&fileName=EWJ_holdings&fileType=csv,,high
4612.T,NIPPON PAINT HOLDINGS LTD,Japan,Materials,4612,Tokyo Stock Exchange,,0.13,EWJ,https://www.ishares.com/us/products/239665/ishares-msci-japan-etf/1467271812596.ajax?dataType=fund&fileName=EWJ_holdings&fileType=csv,,high
4091.T,NIPPON SANSO HOLDINGS CORP,Japan,Materials,4091,Tokyo Stock Exchange,,0.13,EWJ,https://www.ishares.com/us/products/239665/ishares-msci-japan-etf/1467271812596.ajax?dataType=fund&fileName=EWJ_holdings&fileType=csv,,high
5401.T,NIPPON STEEL CORP,Japan,Materials,5401,Tokyo Stock Exchange,,0.39,EWJ,https://www.ishares.com/us/products/239665/ishares-msci-japan-etf/1467271812596.ajax?dataType=fund&fileName=EWJ_holdings&fileType=csv,,high
6988.T,NITTO DENKO CORP,Japan,Materials,6988,Tokyo Stock Exchange,,0.29,EWJ,https://www.ishares.com/us/products/239665/ishares-msci-japan-etf/1467271812596.ajax?dataType=fund&fileName=EWJ_holdings&fileType=csv,,high
4063.T,SHIN ETSU CHEMICAL LTD,Japan,Materials,4063,Tokyo Stock Exchange,,1.36,EWJ,https://www.ishares.com/us/products/239665/ishares-msci-japan-etf/1467271812596.ajax?dataType=fund&fileName=EWJ_holdings&fileType=csv,,high
5713.T,SUMITOMO METAL MINING LTD,Japan,Materials,5713,Tokyo Stock Exchange,,0.32,EWJ,https://www.ishares.com/us/products/239665/ishares-msci-japan-etf/1467271812596.ajax?dataType=fund&fileName=EWJ_holdings&fileType=csv,,high
3402.T,TORAY INDUSTRIES INC,Japan,Materials,3402,Tokyo Stock Exchange,,0.22,EWJ,https://www.ishares.com/us/products/239665/ishares-msci-japan-etf/1467271812596.ajax?dataType=fund&fileName=EWJ_holdings&fileType=csv,,high
1878.T,DAITO TRUST CONSTRUCTION LTD,Japan,Real Estate,1878,Tokyo Stock Exchange,,0.14,EWJ,https://www.ishares.com/us/products/239665/ishares-msci-japan-etf/1467271812596.ajax?dataType=fund&fileName=EWJ_holdings&fileType=csv,,high
1925.T,DAIWA HOUSE INDUSTRY LTD,Japan,Real Estate,1925,Tokyo Stock Exchange,,0.4,EWJ,https://www.ishares.com/us/products/239665/ishares-msci-japan-etf/1467271812596.ajax?dataType=fund&fileName=EWJ_holdings&fileType=csv,,high
3003.T,HULIC LTD,Japan,Real Estate,3003,Tokyo Stock Exchange,,0.12,EWJ,https://www.ishares.com/us/products/239665/ishares-msci-japan-etf/1467271812596.ajax?dataType=fund&fileName=EWJ_holdings&fileType=csv,,high
8802.T,MITSUBISHI ESTATE CO LTD,Japan,Real Estate,8802,Tokyo Stock Exchange,,0.68,EWJ,https://www.ishares.com/us/products/239665/ishares-msci-japan-etf/1467271812596.ajax?dataType=fund&fileName=EWJ_holdings&fileType=csv,,high
8801.T,MITSUI FUDOSAN LTD,Japan,Real Estate,8801,Tokyo Stock Exchange,,0.69,EWJ,https://www.ishares.com/us/products/239665/ishares-msci-japan-etf/1467271812596.ajax?dataType=fund&fileName=EWJ_holdings&fileType=csv,,high
8951.T,NIPPON BUILDING FUND REIT INC,Japan,Real Estate,8951,Tokyo Stock Exchange,,0.15,EWJ,https://www.ishares.com/us/products/239665/ishares-msci-japan-etf/1467271812596.ajax?dataType=fund&fileName=EWJ_holdings&fileType=csv,,high
8830.T,SUMITOMO REALTY & DEVELOPMENT LTD,Japan,Real Estate,8830,Tokyo Stock Exchange,,0.39,EWJ,https://www.ishares.com/us/products/239665/ishares-msci-japan-etf/1467271812596.ajax?dataType=fund&fileName=EWJ_holdings&fileType=csv,,high
9502.T,CHUBU ELECTRIC POWER INC,Japan,Utilities,9502,Tokyo Stock Exchange,,0.22,EWJ,https://www.ishares.com/us/products/239665/ishares-msci-japan-etf/1467271812596.ajax?dataType=fund&fileName=EWJ_holdings&fileType=csv,,high
9503.T,KANSAI ELECTRIC POWER INC,Japan,Utilities,9503,Tokyo Stock Exchange,,0.31,EWJ,https://www.ishares.com/us/products/239665/ishares-msci-japan-etf/1467271812596.ajax?dataType=fund&fileName=EWJ_holdings&fileType=csv,,high
9532.T,OSAKA GAS LTD,Japan,Utilities,9532,Tokyo Stock Exchange,,0.3,EWJ,https://www.ishares.com/us/products/239665/ishares-msci-japan-etf/1467271812596.ajax?dataType=fund&fileName=EWJ_holdings&fileType=csv,,high
9531.T,TOKYO GAS LTD,Japan,Utilities,9531,Tokyo Stock Exchange,,0.31,EWJ,https://www.ishares.com/us/products/239665/ishares-msci-japan-etf/1467271812596.ajax?dataType=fund&fileName=EWJ_holdings&fileType=csv,,high
