Ticker,Company,Country,Sector,MappingConfidence,SourceFund,SourceURL,SourceAsOf
1120.SR,AL RAJHI BANK,Saudi Arabia,Financials,manual,manual,hardcoded:MSCI_MANUAL_TICKERS,
2222.SR,SAUDI ARABIAN OIL,Saudi Arabia,Energy,manual,manual,hardcoded:MSCI_MANUAL_TICKERS,
1180.SR,THE SAUDI NATIONAL BANK,Saudi Arabia,Financials,manual,manual,hardcoded:MSCI_MANUAL_TICKERS,
1211.SR,SAUDI ARABIAN MINING,Saudi Arabia,Materials,manual,manual,hardcoded:MSCI_MANUAL_TICKERS,
7010.SR,SAUDI TELECOM,Saudi Arabia,Communication Services,manual,manual,hardcoded:MSCI_MANUAL_TICKERS,
2010.SR,SAUDI BASIC INDUSTRIES,Saudi Arabia,Materials,manual,manual,hardcoded:MSCI_MANUAL_TICKERS,
1010.SR,RIYAD BANK,Saudi Arabia,Financials,manual,manual,hardcoded:MSCI_MANUAL_TICKERS,
1150.SR,ALINMA BANK,Saudi Arabia,Financials,manual,manual,hardcoded:MSCI_MANUAL_TICKERS,
1060.SR,SAUDI AWWAL BANK,Saudi Arabia,Financials,manual,manual,hardcoded:MSCI_MANUAL_TICKERS,
2020.SR,SABIC AGRI-NUTRIENTS,Saudi Arabia,Materials,manual,manual,hardcoded:MSCI_MANUAL_TICKERS,
2082.SR,ACWA POWER CO,Saudi Arabia,Utilities,manual,manual,hardcoded:MSCI_MANUAL_TICKERS,
7020.SR,ETIHAD ETISALAT,Saudi Arabia,Communication Services,manual,manual,hardcoded:MSCI_MANUAL_TICKERS,
1050.SR,BANQUE SAUDI FRANSI,Saudi Arabia,Financials,manual,manual,hardcoded:MSCI_MANUAL_TICKERS,
4013.SR,DR SULAIMAN AL HABIB MEDICAL GRP,Saudi Arabia,Health Care,manual,manual,hardcoded:MSCI_MANUAL_TICKERS,
2280.SR,ALMARAI,Saudi Arabia,Consumer Staples,manual,manual,hardcoded:MSCI_MANUAL_TICKERS,
1140.SR,BANK ALBILAD,Saudi Arabia,Financials,manual,manual,hardcoded:MSCI_MANUAL_TICKERS,
1080.SR,ARAB NATIONAL BANK,Saudi Arabia,Financials,manual,manual,hardcoded:MSCI_MANUAL_TICKERS,
8210.SR,BUPA ARABIA,Saudi Arabia,Financials,manual,manual,hardcoded:MSCI_MANUAL_TICKERS,
7203.SR,AL-ELM INFORMATION SECURITY COMPAN,Saudi Arabia,Information Technology,manual,manual,hardcoded:MSCI_MANUAL_TICKERS,
5110.SR,SAUDI ENERGY,Saudi Arabia,Utilities,manual,manual,hardcoded:MSCI_MANUAL_TICKERS,
8010.SR,THE COOPERATIVE INSURANCE,Saudi Arabia,Financials,manual,manual,hardcoded:MSCI_MANUAL_TICKERS,
1303.SR,ELECTRICAL INDUSTRIES,Saudi Arabia,Industrials,manual,manual,hardcoded:MSCI_MANUAL_TICKERS,
4300.SR,DAR AL ARKAN REAL ESTATE DEVELOPME,Saudi Arabia,Real Estate,manual,manual,hardcoded:MSCI_MANUAL_TICKERS,
4190.SR,JARIR MARKETING,Saudi Arabia,Consumer Discretionary,manual,manual,hardcoded:MSCI_MANUAL_TICKERS,
1030.SR,SAUDI INVESTMENT BANK,Saudi Arabia,Financials,manual,manual,hardcoded:MSCI_MANUAL_TICKERS,
4250.SR,JABAL OMAR DEVELOPMENT,Saudi Arabia,Consumer Discretionary,manual,manual,hardcoded:MSCI_MANUAL_TICKERS,
1020.SR,BANK ALJAZIRA,Saudi Arabia,Financials,manual,manual,hardcoded:MSCI_MANUAL_TICKERS,
2290.SR,YANBU NATIONAL PETROCHEMICALS,Saudi Arabia,Materials,manual,manual,hardcoded:MSCI_MANUAL_TICKERS,
1111.SR,SAUDI TADAWUL GROUP CO,Saudi Arabia,Financials,manual,manual,hardcoded:MSCI_MANUAL_TICKERS,
4002.SR,AL MOUWASAT MEDICAL SERVICES,Saudi Arabia,Health Care,manual,manual,hardcoded:MSCI_MANUAL_TICKERS,
4100.SR,MAKKAH CONSTRUCTION AND DEVELOPMEN,Saudi Arabia,Real Estate,manual,manual,hardcoded:MSCI_MANUAL_TICKERS,
4200.SR,ALDREES PETROLEUM AND TRANSPORT SE,Saudi Arabia,Consumer Discretionary,manual,manual,hardcoded:MSCI_MANUAL_TICKERS,
1212.SR,ASTRA INDUSTRIAL GROUP,Saudi Arabia,Industrials,manual,manual,hardcoded:MSCI_MANUAL_TICKERS,
2310.SR,SAHARA INTERNATIONAL PETROCHEMICAL,Saudi Arabia,Materials,manual,manual,hardcoded:MSCI_MANUAL_TICKERS,
2382.SR,ADES HOLDING CO,Saudi Arabia,Energy,manual,manual,hardcoded:MSCI_MANUAL_TICKERS,
4263.SR,SAL SAUDI LOGISTICS SERVICE CO,Saudi Arabia,Industrials,manual,manual,hardcoded:MSCI_MANUAL_TICKERS,
7030.SR,MOBILE TELECOMMUNICATIONS,Saudi Arabia,Communication Services,manual,manual,hardcoded:MSCI_MANUAL_TICKERS,
2250.SR,SAUDI INDUSTRIAL INVESTMENT GROUP,Saudi Arabia,Materials,manual,manual,hardcoded:MSCI_MANUAL_TICKERS,
7202.SR,ARABIAN INTERNET AND COMMUNICATION,Saudi Arabia,Information Technology,manual,manual,hardcoded:MSCI_MANUAL_TICKERS,
4004.SR,DALLAH HEALTHCARE,Saudi Arabia,Health Care,manual,manual,hardcoded:MSCI_MANUAL_TICKERS,
1810.SR,SEERA GROUP HOLDING,Saudi Arabia,Consumer Discretionary,manual,manual,hardcoded:MSCI_MANUAL_TICKERS,
4003.SR,UNITED ELECTRONICS,Saudi Arabia,Consumer Discretionary,manual,manual,hardcoded:MSCI_MANUAL_TICKERS,
2270.SR,SAUDI DAIRY AND FOODSTUFF,Saudi Arabia,Consumer Staples,manual,manual,hardcoded:MSCI_MANUAL_TICKERS,
8313.SR,RASAN INFORMATION TECHNOLOGY,Saudi Arabia,Financials,manual,manual,hardcoded:MSCI_MANUAL_TICKERS,
8230.SR,AL RAJHI COMPANY FOR COOPERATIVE I,Saudi Arabia,Financials,manual,manual,hardcoded:MSCI_MANUAL_TICKERS,
2350.SR,SAUDI KAYAN PETROCHEMICAL,Saudi Arabia,Materials,manual,manual,hardcoded:MSCI_MANUAL_TICKERS,
3020.SR,YAMAMA SAUDI CEMENT,Saudi Arabia,Materials,manual,manual,hardcoded:MSCI_MANUAL_TICKERS,
8200.SR,SAUDI REINSURANCE,Saudi Arabia,Financials,manual,manual,hardcoded:MSCI_MANUAL_TICKERS,
2230.SR,SAUDI CHEMICAL,Saudi Arabia,Health Care,manual,manual,hardcoded:MSCI_MANUAL_TICKERS,
4005.SR,NATIONAL MEDICAL CARE,Saudi Arabia,Health Care,manual,manual,hardcoded:MSCI_MANUAL_TICKERS,
4321.SR,ARABIAN CENTRES COMPANY,Saudi Arabia,Real Estate,manual,manual,hardcoded:MSCI_MANUAL_TICKERS,
4210.SR,SAUDI RESEARCH AND MEDIA GROUP,Saudi Arabia,Communication Services,manual,manual,hardcoded:MSCI_MANUAL_TICKERS,
4031.SR,SAUDI GROUND SERVICES,Saudi Arabia,Industrials,manual,manual,hardcoded:MSCI_MANUAL_TICKERS,
4090.SR,TAIBA INVESTMENTS,Saudi Arabia,Real Estate,manual,manual,hardcoded:MSCI_MANUAL_TICKERS,
4015.SR,JAMJOOM PHARMA,Saudi Arabia,Health Care,manual,manual,hardcoded:MSCI_MANUAL_TICKERS,
6004.SR,CATRION CATERING HOLDING CO,Saudi Arabia,Industrials,manual,manual,hardcoded:MSCI_MANUAL_TICKERS,
2080.SR,NATURAL GAS AND INDUSTRIALIZATION,Saudi Arabia,Utilities,manual,manual,hardcoded:MSCI_MANUAL_TICKERS,
2050.SR,SAVOLA GROUP,Saudi Arabia,Consumer Staples,manual,manual,hardcoded:MSCI_MANUAL_TICKERS,
4342.SR,JADWA REIT SAUDI FUND UNITS,Saudi Arabia,Real Estate,manual,manual,hardcoded:MSCI_MANUAL_TICKERS,
2330.SR,ADVANCED PETROCHEMICAL,Saudi Arabia,Materials,manual,manual,hardcoded:MSCI_MANUAL_TICKERS,
2060.SR,NATIONAL INDUSTRIALIZATION,Saudi Arabia,Materials,manual,manual,hardcoded:MSCI_MANUAL_TICKERS,
2083.SR,POWER AND WATER UTILITY COMPANY FO,Saudi Arabia,Utilities,manual,manual,hardcoded:MSCI_MANUAL_TICKERS,
4340.SR,AL RAJHI REIT UNITS,Saudi Arabia,Real Estate,manual,manual,hardcoded:MSCI_MANUAL_TICKERS,
4017.SR,DR SOLIMAN ABDEL KADER FAKEEH HOSP,Saudi Arabia,Health Care,manual,manual,hardcoded:MSCI_MANUAL_TICKERS,
3030.SR,SAUDI CEMENT,Saudi Arabia,Materials,manual,manual,hardcoded:MSCI_MANUAL_TICKERS,
4264.SR,FLYNAS,Saudi Arabia,Industrials,manual,manual,hardcoded:MSCI_MANUAL_TICKERS,
1321.SR,EAST PIPES INTEGRATED COMPANY FOR,Saudi Arabia,Materials,manual,manual,hardcoded:MSCI_MANUAL_TICKERS,
2380.SR,RABIGH REFINING AND PETROCHEMICAL,Saudi Arabia,Energy,manual,manual,hardcoded:MSCI_MANUAL_TICKERS,
1830.SR,LEEJAM SPORTS,Saudi Arabia,Consumer Discretionary,manual,manual,hardcoded:MSCI_MANUAL_TICKERS,
2381.SR,ARABIAN DRILLING CO,Saudi Arabia,Energy,manual,manual,hardcoded:MSCI_MANUAL_TICKERS,
4164.SR,AL NAHDI MEDICAL,Saudi Arabia,Consumer Staples,manual,manual,hardcoded:MSCI_MANUAL_TICKERS,
4260.SR,UNITED INTERNATIONAL TRANSPORTATIO,Saudi Arabia,Industrials,manual,manual,hardcoded:MSCI_MANUAL_TICKERS,
3040.SR,QASSIM CEMENT,Saudi Arabia,Materials,manual,manual,hardcoded:MSCI_MANUAL_TICKERS,
1322.SR,AL MASANE AL KOBRA MINING,Saudi Arabia,Materials,manual,manual,hardcoded:MSCI_MANUAL_TICKERS,
4322.SR,RETAL URBAN DEVELOPMENT,Saudi Arabia,Real Estate,manual,manual,hardcoded:MSCI_MANUAL_TICKERS,
4150.SR,ARRIYADH DEVELOPMENT,Saudi Arabia,Real Estate,manual,manual,hardcoded:MSCI_MANUAL_TICKERS,
4001.SR,ABDULLAH AL OTHAIM MARKETS,Saudi Arabia,Consumer Staples,manual,manual,hardcoded:MSCI_MANUAL_TICKERS,
7200.SR,AL MOAMMAR INFORMATION SYSTEMS,Saudi Arabia,Information Technology,manual,manual,hardcoded:MSCI_MANUAL_TICKERS,
3092.SR,RIYADH CEMENT CO,Saudi Arabia,Materials,manual,manual,hardcoded:MSCI_MANUAL_TICKERS,
6010.SR,NATIONAL AGRICULTURE DEVELOPMENT,Saudi Arabia,Consumer Staples,manual,manual,hardcoded:MSCI_MANUAL_TICKERS,
7040.SR,ETIHAD ATHEEB TELECOMMUNICATION,Saudi Arabia,Communication Services,manual,manual,hardcoded:MSCI_MANUAL_TICKERS,
4018.SR,ALMOOSA HEALTH CO,Saudi Arabia,Health Care,manual,manual,hardcoded:MSCI_MANUAL_TICKERS,
4020.SR,SAUDI REAL ESTATE,Saudi Arabia,Real Estate,manual,manual,hardcoded:MSCI_MANUAL_TICKERS,
4071.SR,ARABIAN CONTRACTING SERVICES,Saudi Arabia,Communication Services,manual,manual,hardcoded:MSCI_MANUAL_TICKERS,
4291.SR,NATIONAL FOR LEARNING AND EDUCATIO,Saudi Arabia,Consumer Discretionary,manual,manual,hardcoded:MSCI_MANUAL_TICKERS,
3050.SR,SOUTHERN PROVINCE CEMENT,Saudi Arabia,Materials,manual,manual,hardcoded:MSCI_MANUAL_TICKERS,
4220.SR,EMAAR THE ECONOMIC CITY,Saudi Arabia,Real Estate,manual,manual,hardcoded:MSCI_MANUAL_TICKERS,
4050.SR,SAUDI AUTOMOTIVE SERVICES,Saudi Arabia,Consumer Discretionary,manual,manual,hardcoded:MSCI_MANUAL_TICKERS,
2040.SR,SAUDI CERAMIC,Saudi Arabia,Industrials,manual,manual,hardcoded:MSCI_MANUAL_TICKERS,
4007.SR,AL HAMMADI HOLDING,Saudi Arabia,Health Care,manual,manual,hardcoded:MSCI_MANUAL_TICKERS,
3010.SR,ARABIAN CEMENT,Saudi Arabia,Materials,manual,manual,hardcoded:MSCI_MANUAL_TICKERS,
3060.SR,YANBU CEMENT,Saudi Arabia,Materials,manual,manual,hardcoded:MSCI_MANUAL_TICKERS,
2070.SR,SAUDI PHARMACEUTICAL INDUST AND ME,Saudi Arabia,Health Care,manual,manual,hardcoded:MSCI_MANUAL_TICKERS,
2081.SR,ALKHORAYEF WATER & POWER TECHNOLOG,Saudi Arabia,Utilities,manual,manual,hardcoded:MSCI_MANUAL_TICKERS,
1831.SR,MAHARAH HUMAN RESOURCES CO,Saudi Arabia,Industrials,manual,manual,hardcoded:MSCI_MANUAL_TICKERS,
3080.SR,EASTERN PROVINCE CEMENT,Saudi Arabia,Materials,manual,manual,hardcoded:MSCI_MANUAL_TICKERS,
1302.SR,BAWAN CO,Saudi Arabia,Industrials,manual,manual,hardcoded:MSCI_MANUAL_TICKERS,
2283.SR,FIRST MILLING CO,Saudi Arabia,Consumer Staples,manual,manual,hardcoded:MSCI_MANUAL_TICKERS,
4009.SR,MIDDLE EAST HEALTHCARE,Saudi Arabia,Health Care,manual,manual,hardcoded:MSCI_MANUAL_TICKERS,
1320.SR,SAUDI STEEL PIPE,Saudi Arabia,Materials,manual,manual,hardcoded:MSCI_MANUAL_TICKERS,
4162.SR,ALMUNAJEM FOODS,Saudi Arabia,Consumer Staples,manual,manual,hardcoded:MSCI_MANUAL_TICKERS,
4163.SR,AL DAWAA MEDICAL SERVICES,Saudi Arabia,Consumer Staples,manual,manual,hardcoded:MSCI_MANUAL_TICKERS,
2320.SR,AL BABTAIN POWER AND TELECOMMUNICA,Saudi Arabia,Industrials,manual,manual,hardcoded:MSCI_MANUAL_TICKERS,
1834.SR,SAUDI MANPOWER SOLUTIONS CO,Saudi Arabia,Industrials,manual,manual,hardcoded:MSCI_MANUAL_TICKERS,
6017.SR,JAHEZ INTERNATIONAL,Saudi Arabia,Consumer Discretionary,manual,manual,hardcoded:MSCI_MANUAL_TICKERS,
2284.SR,MODERN MILLS FOR FOOD PRODUCTS,Saudi Arabia,Consumer Staples,manual,manual,hardcoded:MSCI_MANUAL_TICKERS,
7204.SR,PERFECT PRESENTATION FOR COMMERCIA,Saudi Arabia,Information Technology,manual,manual,hardcoded:MSCI_MANUAL_TICKERS,
4161.SR,BINDAWOOD HOLDING,Saudi Arabia,Consumer Staples,manual,manual,hardcoded:MSCI_MANUAL_TICKERS,
4165.SR,AL MAJED OUD CO,Saudi Arabia,Consumer Staples,manual,manual,hardcoded:MSCI_MANUAL_TICKERS,
4262.SR,LUMI RENTAL CO,Saudi Arabia,Industrials,manual,manual,hardcoded:MSCI_MANUAL_TICKERS,
4261.SR,THEEB RENT A CAR,Saudi Arabia,Industrials,manual,manual,hardcoded:MSCI_MANUAL_TICKERS,
4019.SR,SPECIALIZED MEDICAL,Saudi Arabia,Health Care,manual,manual,hardcoded:MSCI_MANUAL_TICKERS,
4192.SR,AL-SAIF STORES DEVELOPMENT AND INV,Saudi Arabia,Consumer Discretionary,manual,manual,hardcoded:MSCI_MANUAL_TICKERS,
2084.SR,MIAHONA CO,Saudi Arabia,Utilities,manual,manual,hardcoded:MSCI_MANUAL_TICKERS,
4292.SR,ATAA EDUCATIONAL CO,Saudi Arabia,Consumer Discretionary,manual,manual,hardcoded:MSCI_MANUAL_TICKERS,
4084.SR,DERAYAH FINANCIAL,Saudi Arabia,Financials,manual,manual,hardcoded:MSCI_MANUAL_TICKERS,
2190.SR,SUSTAINED INFRASTRUCTURE HOLDING C,Saudi Arabia,Industrials,manual,manual,hardcoded:MSCI_MANUAL_TICKERS,
2240.SR,ADVANCED BUILDING INDUSTRIES,Saudi Arabia,Materials,manual,manual,hardcoded:MSCI_MANUAL_TICKERS,
4083.SR,UNITED INTERNATIONAL HOLDING,Saudi Arabia,Financials,manual,manual,hardcoded:MSCI_MANUAL_TICKERS,
2300.SR,SAUDI PAPER MANUFACTURING,Saudi Arabia,Materials,manual,manual,hardcoded:MSCI_MANUAL_TICKERS,
4240.SR,AFG INTERNATIONAL,Saudi Arabia,Consumer Discretionary,manual,manual,hardcoded:MSCI_MANUAL_TICKERS,
4016.SR,MIDDLE EAST PHARMACEUTICAL INDUSTR,Saudi Arabia,Health Care,manual,manual,hardcoded:MSCI_MANUAL_TICKERS,
